geocluster                 ,Justice & fairness ,Non-maleficence ,Sustainability ,Transparency ,Responsibility ,Beneficence ,Trust       ,Privacy     ,Freedom & autonomy ,Dignity     ,Solidarity
Anglosphere                ,0.012321417        ,0.00521544      ,0.005031507    ,0.006234646  ,0.003376175    ,0.001454835 ,0.001915289 ,0.000895344 ,0.000389053        ,0           ,0
Central and Eastern Europe ,0.007312027        ,0.007225054     ,0.00335575     ,0.003447815  ,0.003751171    ,0.000498513 ,0.000330502 ,0.000301185 ,0.000255096        ,0           ,7.42143E-05
Northern Europe            ,0.008522636        ,0.007105507     ,0.006568614    ,0.004990026  ,0.004242824    ,0.00257574  ,0.000865965 ,0.000726003 ,0.000800269        ,8.75184E-05 ,0.000185341
South/East Asia            ,0.006678053        ,0.0079228       ,0.008205559    ,0.004427448  ,0.003901772    ,0.001104764 ,0.000787888 ,0.001187746 ,0.00024376         ,0           ,0.000128509
Southern Europe            ,0.011099881        ,0.004687143     ,0.0067287      ,0.00573729   ,0.003148594    ,0.001451552 ,0.000506708 ,0.000688625 ,0.000533916        ,0.000138293 ,2.28645E-05
Western Europe             ,0.008815568        ,0.006838901     ,0.005770082    ,0.00383579   ,0.004633363    ,0.001347763 ,0.000578246 ,0.000810171 ,0.001119632        ,7.92267E-05 ,0.000213005